Species,Number of occurrence records,Level basin,Predictors
Curimata acutirostris,70,3,"hydro_avg_02,hydro_avg_03,hydro_avg_10,hydro_avg_14,hydro_avg_15,caudal_avg,lc_avg_04,lc_avg_05,lc_avg_06,lc_avg_12,slope_avg,soil_max_08,soil_min_05,soil_min_07"
Curimata aspera,40,3,"hydro_avg_01,hydro_avg_02,hydro_avg_15,hydro_avg_17,caudal_avg,lc_avg_04,lc_avg_06,lc_avg_07,lc_avg_12,slope_avg,soil_min_01,soil_min_02,soil_min_03,soil_min_06"
Curimata cerasina,73,3,"hydro_avg_02,hydro_avg_04,hydro_avg_07,hydro_avg_11,hydro_avg_15,hydro_avg_16,caudal_avg,lc_avg_04,lc_avg_05,lc_avg_06,lc_avg_07,lc_avg_12,soil_max_05,soil_max_08,soil_min_01,soil_min_04,soil_min_06"
Curimata cisandina,46,3,"hydro_avg_01,hydro_avg_02,hydro_avg_03,hydro_avg_14,hydro_avg_15,caudal_avg,lc_avg_05,lc_avg_07,lc_avg_12,slope_avg,soil_max_01,soil_max_08,soil_min_02,soil_min_06"
Curimata cyprinoides,240,3,"hydro_avg_01,hydro_avg_02,hydro_avg_03,hydro_avg_04,hydro_avg_14,hydro_avg_15,caudal_avg,lc_avg_03,lc_avg_06,lc_avg_07,lc_avg_12,slope_avg,soil_max_01,soil_max_04,soil_max_05,soil_min_06,soil_min_07"
Curimata incompta,67,3,"hydro_avg_02,hydro_avg_04,hydro_avg_11,hydro_avg_15,hydro_avg_16,caudal_avg,lc_avg_04,lc_avg_05,lc_avg_06,lc_avg_07,lc_avg_12,soil_max_05,soil_min_07,soil_min_08"
Curimata inornata,64,3,"hydro_avg_03,hydro_avg_04,hydro_avg_10,hydro_avg_14,hydro_avg_15,caudal_avg,lc_avg_04,lc_avg_06,lc_avg_07,lc_avg_12,slope_avg,soil_max_03,soil_max_05,soil_min_06,soil_min_09"
Curimata knerii,95,3,"hydro_avg_01,hydro_avg_04,hydro_avg_14,hydro_avg_15,caudal_avg,lc_avg_04,lc_avg_05,lc_avg_06,lc_avg_07,lc_avg_12,slope_avg,soil_max_04,soil_max_05,soil_min_06,soil_min_07,soil_min_08,soil_min_09"
Curimata macrops,35,3,"hydro_avg_01,hydro_avg_02,hydro_avg_03,hydro_avg_14,hydro_avg_15,caudal_avg,lc_avg_05,lc_avg_07,lc_avg_12,slope_avg,soil_max_01,soil_max_04,soil_max_05,soil_min_02"
Curimata mivartii,256,3,"hydro_avg_02,hydro_avg_03,hydro_avg_06,hydro_avg_13,caudal_avg,lc_avg_04,lc_avg_06,lc_avg_07,lc_avg_12,soil_min_03,soil_min_06,soil_min_07,soil_min_09"
Curimata ocellata,77,3,"hydro_avg_02,hydro_avg_04,hydro_avg_10,hydro_avg_14,hydro_avg_15,caudal_avg,lc_avg_04,lc_avg_05,lc_avg_06,lc_avg_07,lc_avg_12,slope_avg,soil_max_05,soil_max_08,soil_min_03,soil_min_06,soil_min_07"
Curimata roseni,88,3,"hydro_avg_01,hydro_avg_02,hydro_avg_03,hydro_avg_04,hydro_avg_14,hydro_avg_15,caudal_avg,lc_avg_06,lc_avg_07,lc_avg_12,soil_min_01,soil_min_02,soil_min_04,soil_min_05,soil_min_06,soil_min_08"
Curimata vittata,193,3,"hydro_avg_01,hydro_avg_02,hydro_avg_03,hydro_avg_04,hydro_avg_14,hydro_avg_15,caudal_avg,lc_avg_05,lc_avg_06,lc_avg_07,lc_avg_12,slope_avg,soil_min_01,soil_min_02,soil_min_04,soil_min_05,soil_min_06,soil_min_08,soil_min_09"
Curimatella alburnus,177,3,"hydro_avg_01,hydro_avg_02,hydro_avg_04,hydro_avg_14,hydro_avg_15,caudal_avg,lc_avg_04,lc_avg_06,lc_avg_07,lc_avg_12,slope_avg,soil_max_05,soil_max_07,soil_max_08,soil_min_01,soil_min_02,soil_min_04,soil_min_06"
Curimatella dorsalis,374,3,"hydro_avg_02,hydro_avg_04,hydro_avg_10,hydro_avg_13,hydro_avg_15,caudal_avg,lc_avg_04,lc_avg_05,lc_avg_06,lc_avg_07,slope_avg,soil_max_05,soil_max_07,soil_min_01,soil_min_02,soil_min_04,soil_min_06,soil_min_08,soil_min_09 "
Curimatella immaculata,426,3,"hydro_avg_01,hydro_avg_02,hydro_avg_04,hydro_avg_14,hydro_avg_15,caudal_avg,lc_avg_04,lc_avg_05,lc_avg_06,lc_avg_07,lc_avg_12,slope_avg,soil_max_01,soil_max_05,soil_min_04,soil_min_06,soil_min_07,soil_min_08,soil_min_09"
Curimatella lepidura,42,3,"hydro_avg_02,hydro_avg_03,hydro_avg_04,hydro_avg_10,hydro_avg_13,hydro_avg_15,caudal_avg,lc_avg_02,lc_avg_03,lc_avg_04,lc_avg_05,lc_avg_06,lc_avg_12,slope_avg,soil_max_01,soil_max_02,soil_min_05"
Curimatella meyeri,167,3,"hydro_avg_02,hydro_avg_04,hydro_avg_10,hydro_avg_14,hydro_avg_15,caudal_avg,lc_avg_04,lc_avg_05,lc_avg_06,lc_avg_07,lc_avg_12,slope_avg,soil_max_05,soil_max_07,soil_max_08,soil_min_01,soil_min_02,soil_min_04,soil_min_06"
Curimatopsis cryptica,177,3,"hydro_avg_01,hydro_avg_02,hydro_avg_03,hydro_avg_04,hydro_avg_13,hydro_avg_14,hydro_avg_15,caudal_avg,lc_avg_04,lc_avg_05,lc_avg_07,lc_avg_12,slope_avg,soil_max_01,soil_min_04,soil_min_05,soil_min_06,soil_min_07,soil_min_08,soil_min_09"
Curimatopsis evelynae,211,3,"hydro_avg_02,hydro_avg_11,hydro_avg_14,hydro_avg_15,caudal_avg,lc_avg_04,lc_avg_05,lc_avg_06,lc_avg_07,slope_avg,soil_max_04,soil_max_05,soil_min_01,soil_min_02,soil_min_06,soil_min_08,soil_min_09"
Curimatopsis macrolepis,357,3,"hydro_avg_01,hydro_avg_02,hydro_avg_03,hydro_avg_04,hydro_avg_14,hydro_avg_15,caudal_avg,lc_avg_04,lc_avg_06,lc_avg_07,lc_avg_12,slope_avg,soil_max_05,soil_max_07,soil_min_01,soil_min_02,soil_min_04,soil_min_06,soil_min_08"
Curimatopsis microlepis,57,3,"hydro_avg_01,hydro_avg_02,hydro_avg_03,hydro_avg_14,hydro_avg_15,caudal_avg,lc_avg_04,lc_avg_05,lc_avg_06,lc_avg_07,lc_avg_12,soil_max_05,soil_max_08,soil_min_02,soil_min_04,soil_min_06"
Curimatopsis myersi,69,4,"hydro_avg_04,hydro_avg_07,hydro_avg_10,hydro_avg_13,caudal_avg,lc_avg_03,lc_avg_04,lc_avg_05,lc_avg_06,lc_avg_07,slope_avg,soil_max_02,soil_max_04,soil_min_01,soil_min_05,soil_min_06,soil_min_08,soil_min_09"
Cyphocharax abramoides,70,3,"hydro_avg_01,hydro_avg_02,hydro_avg_03,hydro_avg_04,hydro_avg_14,hydro_avg_15,caudal_avg,lc_avg_04,lc_avg_06,lc_avg_07,lc_avg_12,soil_min_01,soil_min_04,soil_min_05,soil_min_06,soil_min_08"
Cyphocharax aninha,27,4,"hydro_avg_01,hydro_avg_02,hydro_avg_04,hydro_avg_15,hydro_avg_17,lc_avg_07,slope_avg,soil_max_03,soil_max_10,soil_min_01,soil_min_02,soil_min_05,soil_min_08"
Cyphocharax aspilos,48,5,"hydro_avg_01,hydro_avg_04,hydro_avg_07,hydro_avg_13,hydro_avg_15,caudal_avg,lc_avg_04,lc_avg_05,lc_avg_06,lc_avg_07,soil_max_07,soil_max_08,soil_max_10,soil_min_02"
Cyphocharax biocellatus,35,4,"hydro_avg_03,hydro_avg_07,hydro_avg_11,hydro_avg_14,lc_avg_07,slope_avg,soil_max_01,soil_max_07,soil_max_08,soil_min_02,soil_min_03,soil_min_04"
Cyphocharax boiadeiro,21,4,"hydro_avg_02,hydro_avg_14,hydro_avg_15,lc_avg_07,slope_avg,soil_max_04,soil_max_06,soil_min_02,soil_min_07"
Cyphocharax corumbae,37,4,"hydro_avg_02,hydro_avg_03,hydro_avg_06,hydro_avg_13,hydro_avg_15,lc_avg_04,lc_avg_05,slope_avg,soil_max_04,soil_max_05,soil_min_02,soil_min_07"
Cyphocharax festivus,294,3,"hydro_avg_01,hydro_avg_02,hydro_avg_03,hydro_avg_04,hydro_avg_13,hydro_avg_14,hydro_avg_15,caudal_avg,lc_avg_05,lc_avg_06,lc_avg_07,lc_avg_12,slope_avg,soil_max_01,soil_max_05,soil_min_04,soil_min_06,soil_min_07,soil_min_08,soil_min_09  "
Cyphocharax gangamon,37,4,"hydro_avg_03,hydro_avg_04,hydro_avg_10,hydro_avg_14,caudal_avg,lc_avg_04,lc_avg_05,lc_avg_06,lc_avg_07,slope_avg,soil_max_06,soil_min_02,soil_min_07"
Cyphocharax gilbert,269,3,"hydro_avg_03,hydro_avg_10,hydro_avg_15,hydro_avg_17,caudal_avg,lc_avg_03,lc_avg_04,lc_avg_05,lc_avg_06,lc_avg_07,lc_avg_12,slope_avg,soil_max_01,soil_max_08,soil_min_03,soil_min_05,soil_min_06,soil_min_07,soil_min_09"
Cyphocharax gillii,241,4,"hydro_avg_02,hydro_avg_07,hydro_avg_10,hydro_avg_14,caudal_avg,lc_avg_02,lc_avg_03,lc_avg_04,lc_avg_05,lc_avg_06,slope_avg,soil_max_01,soil_max_05,soil_max_06,soil_max_08,soil_min_02,soil_min_04,soil_min_09"
Cyphocharax gouldingi,144,3,"hydro_avg_02,hydro_avg_03,hydro_avg_04,hydro_avg_10,hydro_avg_14,hydro_avg_15,caudal_avg,lc_avg_05,lc_avg_06,lc_avg_07,lc_avg_12,slope_avg,soil_min_01,soil_min_04,soil_min_05,soil_min_06,soil_min_07,soil_min_09"
Cyphocharax helleri,184,3,"hydro_avg_02,hydro_avg_03,hydro_avg_04,hydro_avg_11,hydro_avg_14,hydro_avg_15,caudal_avg,lc_avg_04,lc_avg_05,lc_avg_07,slope_avg,soil_max_01,soil_max_04,soil_min_05,soil_min_06,soil_min_07,soil_min_08,soil_min_09"
Cyphocharax laticlavius,31,5,"hydro_avg_07,hydro_avg_13,hydro_avg_15,caudal_avg,lc_avg_05,lc_avg_06,soil_min_01"
Cyphocharax leucostictus,148,3,"hydro_avg_01,hydro_avg_02,hydro_avg_03,hydro_avg_04,hydro_avg_14,hydro_avg_15,caudal_avg,lc_avg_05,lc_avg_06,lc_avg_07,lc_avg_12,slope_avg,soil_min_01,soil_min_04,soil_min_05,soil_min_06,soil_min_07,soil_min_08"
Cyphocharax magdalenae,619,3,"hydro_avg_04,hydro_avg_06,hydro_avg_07,hydro_avg_13,hydro_avg_15,caudal_avg,lc_avg_04,lc_avg_05,lc_avg_06,lc_avg_07,lc_avg_12,slope_avg,soil_max_05,soil_max_07,soil_max_08,soil_min_01,soil_min_04,soil_min_06,soil_min_09"
Cyphocharax meniscaprorus,47,3,"hydro_avg_01,hydro_avg_02,hydro_avg_03,hydro_avg_13,caudal_avg,lc_avg_04,lc_avg_05,lc_avg_12,slope_avg,soil_max_05,soil_min_07,soil_min_08"
Cyphocharax mestomyllon,42,3,"hydro_avg_04,hydro_avg_10,hydro_avg_14,hydro_avg_15,caudal_avg,lc_avg_03,lc_avg_06,lc_avg_07,lc_avg_12,soil_max_06,soil_min_01,soil_min_03,soil_min_05,soil_min_07"
Cyphocharax microcephalus,104,3,"hydro_avg_01,hydro_avg_02,hydro_avg_03,hydro_avg_14,hydro_avg_15,caudal_avg,lc_avg_05,lc_avg_07,slope_avg,soil_max_01,soil_max_08,soil_min_02,soil_min_05,soil_min_06,soil_min_07,soil_min_09"
Cyphocharax modestus,504,4,"hydro_avg_03,hydro_avg_07,hydro_avg_10,hydro_avg_15,hydro_avg_17,caudal_avg,lc_avg_02,lc_avg_03,lc_avg_04,lc_avg_05,lc_avg_06,slope_avg,soil_max_02,soil_max_04,soil_max_08,soil_min_01,soil_min_05,soil_min_06,soil_min_09"
Cyphocharax multilineatus,80,3,"hydro_avg_02,hydro_avg_04,hydro_avg_06,hydro_avg_14,hydro_avg_15,caudal_avg,lc_avg_03,lc_avg_06,lc_avg_07,lc_avg_12,slope_avg,soil_min_01,soil_min_02,soil_min_04,soil_min_05,soil_min_08,soil_min_09"
Cyphocharax naegelii,72,4,"hydro_avg_02,hydro_avg_03,hydro_avg_06,hydro_avg_15,hydro_avg_17,caudal_avg,lc_avg_02,lc_avg_03,lc_avg_04,lc_avg_05,lc_avg_06,lc_avg_12,slope_avg,soil_max_03,soil_max_04,soil_min_06,soil_min_08"
Cyphocharax nigripinnis,81,3,"hydro_avg_01,hydro_avg_02,hydro_avg_03,hydro_avg_04,hydro_avg_14,hydro_avg_15,caudal_avg,lc_avg_05,lc_avg_07,lc_avg_12,slope_avg,soil_min_01,soil_min_02,soil_min_04,soil_min_05,soil_min_06"
Cyphocharax notatus,134,3,"hydro_avg_04,hydro_avg_10,hydro_avg_13,hydro_avg_14,hydro_avg_15,caudal_avg,lc_avg_05,lc_avg_06,lc_avg_07,lc_avg_12,slope_avg,soil_max_07,soil_max_08,soil_min_02,soil_min_05,soil_min_06"
Cyphocharax oenas,95,3,"hydro_avg_02,hydro_avg_04,hydro_avg_11,hydro_avg_15,hydro_avg_16,caudal_avg,lc_avg_04,lc_avg_05,lc_avg_06,lc_avg_07,soil_max_05,soil_max_08,soil_min_06,soil_min_07,soil_min_09"
Cyphocharax pantostictos,42,4,"hydro_avg_02,hydro_avg_03,hydro_avg_04,hydro_avg_10,hydro_avg_15,hydro_avg_17,caudal_avg,lc_avg_07,lc_avg_12,slope_avg,soil_min_03,soil_min_04"
Cyphocharax pinnilepis,50,4,"hydro_avg_04,hydro_avg_10,hydro_avg_14,hydro_avg_15,caudal_avg,lc_avg_03,lc_avg_06,lc_avg_07,slope_avg,soil_max_05,soil_max_08,soil_min_02,soil_min_03,soil_min_07,soil_min_09"
Cyphocharax platanus,54,3,"hydro_avg_02,hydro_avg_04,hydro_avg_10,hydro_avg_15,hydro_avg_16,lc_avg_02,lc_avg_03,lc_avg_04,lc_avg_05,lc_avg_06,lc_avg_12,slope_avg,soil_max_01,soil_max_04,soil_min_06"
Cyphocharax plumbeus,216,3,"hydro_avg_02,hydro_avg_04,hydro_avg_10,hydro_avg_13,hydro_avg_15,caudal_avg,lc_avg_05,lc_avg_06,lc_avg_07,lc_avg_12,slope_avg,soil_max_06,soil_min_01,soil_min_02,soil_min_04,soil_min_05"
Cyphocharax punctatus,69,3,"hydro_avg_03,hydro_avg_04,hydro_avg_07,hydro_avg_14,caudal_avg,lc_avg_06,lc_avg_07,lc_avg_12,slope_avg,soil_max_01,soil_max_08,soil_min_02,soil_min_03,soil_min_04,soil_min_05,soil_min_06"
Cyphocharax saladensis,73,3,"hydro_avg_02,hydro_avg_04,hydro_avg_10,hydro_avg_14,hydro_avg_15,caudal_avg,lc_avg_04,lc_avg_05,lc_avg_06,lc_avg_12,slope_avg,soil_max_01,soil_max_02,soil_max_08,soil_min_04,soil_min_05,soil_min_06,soil_min_09"
Cyphocharax santacatarinae,35,4,"hydro_avg_01,hydro_avg_03,hydro_avg_07,hydro_avg_15,hydro_avg_16,caudal_avg,lc_avg_04,lc_avg_05,lc_avg_06,lc_avg_07,lc_avg_12,soil_max_06,soil_min_01,soil_min_02,soil_min_05,soil_min_07"
Cyphocharax signatus,35,3,"hydro_avg_07,hydro_avg_10,hydro_avg_14,hydro_avg_15,lc_avg_02,lc_avg_04,lc_avg_05,lc_avg_06,slope_avg,soil_min_03,soil_min_05,soil_min_06,soil_min_07,soil_min_09"
Cyphocharax spilotus,81,3,"hydro_avg_02,hydro_avg_03,hydro_avg_10,hydro_avg_17,caudal_avg,lc_avg_02,lc_avg_04,lc_avg_05,lc_avg_07,lc_avg_12,slope_avg,soil_max_02,soil_max_04,soil_min_01,soil_min_05,soil_min_06"
Cyphocharax spiluropsis,576,3,"hydro_avg_01,hydro_avg_02,hydro_avg_04,hydro_avg_13,hydro_avg_15,caudal_avg,lc_avg_05,lc_avg_06,lc_avg_07,lc_avg_12,slope_avg,soil_max_05,soil_max_07,soil_max_08,soil_min_01,soil_min_02,soil_min_04,soil_min_06"
Cyphocharax spilurus,898,3,"hydro_avg_01,hydro_avg_02,hydro_avg_03,hydro_avg_04,hydro_avg_13,hydro_avg_15,caudal_avg,lc_avg_04,lc_avg_05,lc_avg_06,lc_avg_07,lc_avg_12,slope_avg,soil_max_01,soil_max_05,soil_min_04,soil_min_06,soil_min_07,soil_min_08,soil_min_09"
Cyphocharax stilbolepis,64,4,"hydro_avg_02,hydro_avg_10,hydro_avg_13,hydro_avg_15,caudal_avg,lc_avg_05,lc_avg_06,lc_avg_07,lc_avg_12,slope_rang,soil_min_01,soil_min_06,soil_min_07,soil_min_09"
Cyphocharax vanderi,136,4,"hydro_avg_06,hydro_avg_07,hydro_avg_14,hydro_avg_15,caudal_avg,lc_avg_02,lc_avg_04,lc_avg_05,lc_avg_06,slope_avg,soil_max_02,soil_max_08,soil_min_04,soil_min_05,soil_min_06,soil_min_07,soil_min_09"
Cyphocharax vexillapinnus,64,3,"hydro_avg_01,hydro_avg_04,hydro_avg_15,hydro_avg_17,caudal_avg,lc_avg_04,lc_avg_07,lc_avg_12,slope_avg,soil_max_05,soil_max_08,soil_min_01,soil_min_02,soil_min_04,soil_min_06"
Cyphocharax voga,259,3,"hydro_avg_03,hydro_avg_06,hydro_avg_10,hydro_avg_14,hydro_avg_15,hydro_avg_16,caudal_avg,lc_avg_04,lc_avg_05,lc_avg_06,lc_avg_07,lc_avg_12,slope_avg,soil_max_01,soil_min_02,soil_min_04,soil_min_05,soil_min_06,soil_min_09"
Potamorhina altamazonica,260,3,"hydro_avg_01,hydro_avg_02,hydro_avg_04,hydro_avg_14,hydro_avg_15,caudal_avg,lc_avg_04,lc_avg_05,lc_avg_06,lc_avg_07,lc_avg_12,slope_avg,soil_max_01,soil_max_05,soil_max_07,soil_min_02,soil_min_04,soil_min_06,soil_min_08"
Potamorhina laticeps,37,5,"hydro_avg_01,hydro_avg_03,hydro_avg_04,hydro_avg_07,hydro_avg_13,hydro_avg_15,caudal_avg,lc_avg_04,lc_avg_05,lc_avg_07,lc_avg_12,soil_max_07,soil_min_02,soil_min_04,soil_min_06,soil_min_09"
Potamorhina latior,253,3,"hydro_avg_01,hydro_avg_02,hydro_avg_04,hydro_avg_14,hydro_avg_15,caudal_avg,lc_avg_04,lc_avg_05,lc_avg_06,lc_avg_07,lc_avg_12,slope_avg,soil_max_07,soil_min_01,soil_min_02,soil_min_04,soil_min_05,soil_min_06,soil_min_08"
Potamorhina pristigaster,62,3,"hydro_avg_01,hydro_avg_03,hydro_avg_04,hydro_avg_14,hydro_avg_15,caudal_avg,lc_avg_04,lc_avg_05,lc_avg_07,lc_avg_12,slope_avg,soil_max_07,soil_min_01,soil_min_02,soil_min_04,soil_min_06"
Potamorhina squamoralevis,120,3,"hydro_avg_02,hydro_avg_03,hydro_avg_10,hydro_avg_14,hydro_avg_15,caudal_avg,lc_avg_02,lc_avg_04,lc_avg_05,lc_avg_06,lc_avg_07,lc_avg_12,slope_avg,soil_max_05,soil_min_01,soil_min_06,soil_min_07,soil_min_09"
Psectrogaster amazonica,243,3,"hydro_avg_01,hydro_avg_02,hydro_avg_04,hydro_avg_14,hydro_avg_15,caudal_avg,lc_avg_05,lc_avg_06,lc_avg_07,lc_avg_12,slope_avg,soil_max_07,soil_min_01,soil_min_02,soil_min_04,soil_min_05,soil_min_06"
Psectrogaster ciliata,119,3,"hydro_avg_01,hydro_avg_02,hydro_avg_04,hydro_avg_14,hydro_avg_15,caudal_avg,lc_avg_04,lc_avg_05,lc_avg_06,lc_avg_07,lc_avg_12,slope_avg,soil_max_07,soil_min_01,soil_min_02,soil_min_04,soil_min_05,soil_min_06,soil_min_08"
Psectrogaster curviventris,144,3,"hydro_avg_02,hydro_avg_10,hydro_avg_14,hydro_avg_15,caudal_avg,lc_avg_02,lc_avg_04,lc_avg_05,lc_avg_06,lc_avg_07,lc_avg_12,slope_avg,soil_max_02,soil_max_05,soil_max_08,soil_min_04,soil_min_06"
Psectrogaster essequibensis,103,3,"hydro_avg_02,hydro_avg_04,hydro_avg_10,hydro_avg_13,hydro_avg_15,caudal_avg,lc_avg_04,lc_avg_06,lc_avg_07,lc_avg_12,slope_avg,soil_max_05,soil_max_06,soil_max_07,soil_min_01,soil_min_04"
Psectrogaster falcata,58,3,"hydro_avg_03,hydro_avg_04,hydro_avg_10,hydro_avg_14,hydro_avg_15,lc_avg_06,lc_avg_07,lc_avg_12,slope_avg,soil_max_06,soil_min_02,soil_min_04"
Psectrogaster rhomboides,87,3,"hydro_avg_01,hydro_avg_02,hydro_avg_04,hydro_avg_12,hydro_avg_14,hydro_avg_15,caudal_avg,lc_avg_04,lc_avg_05,lc_avg_06,lc_avg_07,lc_avg_12,slope_avg,soil_min_01,soil_min_03,soil_min_05,soil_min_06,soil_min_07,soil_min_08,soil_min_09"
Psectrogaster rutiloides,182,3,"hydro_avg_01,hydro_avg_04,hydro_avg_13,hydro_avg_15,caudal_avg,lc_avg_04,lc_avg_05,lc_avg_07,lc_avg_12,slope_avg,soil_max_05,soil_max_07,soil_min_01,soil_min_02,soil_min_04,soil_min_06"
Psectrogaster saguiru,42,3,"hydro_avg_02,hydro_avg_03,hydro_avg_10,hydro_avg_14,hydro_avg_15,caudal_avg,lc_avg_02,lc_avg_04,lc_avg_12,slope_avg,soil_max_01,soil_max_05,soil_min_06,soil_min_07,soil_min_08,soil_min_09"
Pseudocurimata boehlkei,34,5,"hydro_avg_01,hydro_avg_13,hydro_avg_15,lc_avg_04,lc_avg_06,lc_avg_07,lc_avg_12,soil_min_01,soil_min_02,soil_min_03,soil_min_05,soil_min_06,soil_min_07"
Pseudocurimata boulengeri,38,5,"hydro_avg_03,hydro_avg_07,hydro_avg_11,hydro_avg_13,caudal_avg,lc_avg_04,lc_avg_05,lc_avg_06,lc_avg_12,soil_max_05,soil_max_08,soil_min_01,soil_min_04,soil_min_07"
Pseudocurimata lineopunctata,107,5,"hydro_avg_07,hydro_avg_11,hydro_avg_14,hydro_avg_15,caudal_avg,lc_avg_04,lc_avg_05,lc_avg_06,lc_avg_07,lc_avg_12,soil_max_01,soil_max_04,soil_max_05,soil_max_08,soil_min_06,soil_min_07,soil_min_09"
Pseudocurimata patiae,30,5,"hydro_avg_01,hydro_avg_03,hydro_avg_07,hydro_avg_14,hydro_avg_15,lc_avg_04,lc_avg_12,soil_max_05,soil_max_07,soil_max_08,soil_min_06"
Pseudocurimata peruana,34,5,"hydro_avg_02,hydro_avg_03,hydro_avg_11,hydro_avg_14,caudal_avg,lc_avg_02,lc_avg_04,lc_avg_07,slope_avg,soil_max_08,soil_min_04,soil_min_06"
Pseudocurimata troschelii,84,5,"hydro_avg_03,hydro_avg_07,hydro_avg_11,hydro_avg_13,hydro_avg_15,caudal_avg,lc_avg_04,lc_avg_05,lc_avg_06,lc_avg_07,lc_avg_12,slope_avg,soil_max_05,soil_max_08,soil_min_01,soil_min_03,soil_min_04,soil_min_06,soil_min_07,soil_min_09"
Steindachnerina amazonica,42,3,"hydro_avg_02,hydro_avg_03,hydro_avg_10,hydro_avg_17,caudal_avg,lc_avg_04,lc_avg_06,lc_avg_12,slope_avg,soil_max_06,soil_max_07,soil_min_02,soil_min_04,soil_min_05,soil_min_09"
Steindachnerina argentea,365,3,"hydro_avg_02,hydro_avg_03,hydro_avg_04,hydro_avg_11,hydro_avg_15,hydro_avg_16,caudal_avg,lc_avg_04,lc_avg_05,lc_avg_06,lc_avg_07,lc_avg_12,slope_avg,soil_max_04,soil_max_05,soil_max_07,soil_min_01,soil_min_06,soil_min_09"
Steindachnerina atratoensis,55,3,"hydro_avg_04,hydro_avg_07,hydro_avg_10,hydro_avg_13,hydro_avg_15,caudal_avg,lc_avg_02,lc_avg_04,lc_avg_06,lc_avg_12,soil_max_05,soil_max_06,soil_min_01,soil_min_07,soil_min_08,soil_min_09"
Steindachnerina bimaculata,140,3,"hydro_avg_01,hydro_avg_03,hydro_avg_04,hydro_avg_13,hydro_avg_15,caudal_avg,lc_avg_04,lc_avg_05,lc_avg_06,lc_avg_12,slope_avg,soil_max_05,soil_max_07,soil_max_08,soil_min_01,soil_min_02,soil_min_04,soil_min_06"
Steindachnerina binotata,55,4,"hydro_avg_02,hydro_avg_03,hydro_avg_06,hydro_avg_14,hydro_avg_15,caudal_avg,lc_avg_04,lc_avg_05,lc_avg_07,lc_avg_12,soil_max_07,soil_min_02,soil_min_04,soil_min_06"
Steindachnerina biornata,120,3,"hydro_avg_03,hydro_avg_06,hydro_avg_10,hydro_avg_14,hydro_avg_15,caudal_avg,lc_avg_04,lc_avg_05,lc_avg_06,lc_avg_07,lc_avg_12,slope_avg,soil_max_01,soil_max_02,soil_max_04,soil_max_08,soil_min_05,soil_min_06,soil_min_09"
Steindachnerina brevipinna,595,3,"hydro_avg_02,hydro_avg_07,hydro_avg_10,hydro_avg_14,hydro_avg_15,caudal_avg,lc_avg_02,lc_avg_04,lc_avg_05,lc_avg_06,lc_avg_12,slope_avg,soil_max_01,soil_max_02,soil_max_05,soil_min_04,soil_min_06,soil_min_09"
Steindachnerina conspersa,85,4,"hydro_avg_02,hydro_avg_03,hydro_avg_10,hydro_avg_14,hydro_avg_15,caudal_avg,lc_avg_02,lc_avg_04,lc_avg_05,lc_avg_06,lc_avg_07,lc_avg_12,slope_avg,soil_max_05,soil_max_08,soil_min_02,soil_min_06,soil_min_09"
Steindachnerina dobula,214,3,"hydro_avg_01,hydro_avg_02,hydro_avg_04,hydro_avg_14,hydro_avg_15,caudal_avg,lc_avg_04,lc_avg_05,lc_avg_07,lc_avg_12,slope_avg,soil_max_01,soil_max_05,soil_max_08,soil_min_02,soil_min_06,soil_min_07"
Steindachnerina elegans,203,3,"hydro_avg_03,hydro_avg_04,hydro_avg_07,hydro_avg_10,hydro_avg_12,caudal_avg,lc_avg_04,lc_avg_05,lc_avg_06,lc_avg_07,lc_avg_12,slope_avg,soil_max_01,soil_max_08,soil_min_03,soil_min_05,soil_min_06,soil_min_07"
Steindachnerina fasciata,103,4,"hydro_avg_01,hydro_avg_03,hydro_avg_04,hydro_avg_07,hydro_avg_14,hydro_avg_15,lc_avg_04,lc_avg_06,slope_avg,soil_max_01,soil_max_03,soil_max_04,soil_min_02,soil_min_06,soil_min_09"
Steindachnerina gracilis,62,3,"hydro_avg_02,hydro_avg_03,hydro_avg_10,hydro_avg_14,hydro_avg_15,lc_avg_04,lc_avg_06,lc_avg_07,lc_avg_12,slope_avg,soil_max_05,soil_max_08,soil_min_02,soil_min_07"
Steindachnerina guentheri,355,3,"hydro_avg_01,hydro_avg_02,hydro_avg_04,hydro_avg_14,hydro_avg_15,caudal_avg,lc_avg_04,lc_avg_05,lc_avg_06,lc_avg_07,lc_avg_12,slope_avg,soil_max_01,soil_max_03,soil_max_05,soil_max_07,soil_max_08,soil_min_02,soil_min_06"
Steindachnerina hypostoma,50,3,"hydro_avg_01,hydro_avg_04,hydro_avg_14,hydro_avg_15,caudal_avg,lc_avg_04,lc_avg_06,lc_avg_07,lc_avg_12,soil_min_01,soil_min_02,soil_min_06"
Steindachnerina insculpta,770,3,"hydro_avg_02,hydro_avg_04,hydro_avg_10,hydro_avg_15,hydro_avg_17,caudal_avg,lc_avg_02,lc_avg_04,lc_avg_05,lc_avg_06,lc_avg_12,slope_avg,soil_max_02,soil_max_04,soil_min_01,soil_min_05,soil_min_06,soil_min_08,soil_min_09"
Steindachnerina leucisca,107,3,"hydro_avg_01,hydro_avg_02,hydro_avg_04,hydro_avg_13,hydro_avg_15,caudal_avg,lc_avg_04,lc_avg_05,lc_avg_07,lc_avg_12,slope_avg,soil_max_05,soil_max_07,soil_min_01,soil_min_02"
Steindachnerina notograptos,33,4,"hydro_avg_02,hydro_avg_03,hydro_avg_04,hydro_avg_06,hydro_avg_12,hydro_avg_15,caudal_avg,lc_avg_02,lc_avg_05,lc_avg_06,slope_avg,soil_max_08,soil_min_04,soil_min_07,soil_min_09"
Steindachnerina notonota,56,3,"hydro_avg_02,hydro_avg_04,hydro_avg_06,hydro_avg_14,hydro_avg_15,caudal_avg,lc_avg_02,lc_avg_04,lc_avg_05,lc_avg_06,lc_avg_12,slope_avg,soil_max_06,soil_min_01,soil_min_03,soil_min_05,soil_min_07,soil_min_09"
Steindachnerina planiventris,96,3,"hydro_avg_01,hydro_avg_02,hydro_avg_03,hydro_avg_04,hydro_avg_14,hydro_avg_15,caudal_avg,lc_avg_06,lc_avg_07,lc_avg_12,slope_avg,soil_max_05,soil_max_07,soil_min_01,soil_min_02,soil_min_04,soil_min_06,soil_min_09"
Steindachnerina pupula,139,3,"hydro_avg_02,hydro_avg_04,hydro_avg_07,hydro_avg_11,hydro_avg_15,hydro_avg_16,caudal_avg,lc_avg_04,lc_avg_05,lc_avg_06,lc_avg_07,lc_avg_12,soil_max_03,soil_max_05,soil_max_07,soil_max_08,soil_min_01,soil_min_02,soil_min_06"
Steindachnerina quasimodoi,33,3,"hydro_avg_02,hydro_avg_04,hydro_avg_13,caudal_avg,lc_avg_04,lc_avg_07,lc_avg_12,soil_min_01,soil_min_06"
Steindachnerina seriata,20,4,"hydro_avg_02,hydro_avg_03,hydro_avg_04,hydro_avg_10,hydro_avg_14,slope_rang,soil_max_06,soil_min_01,soil_min_02,soil_min_09"
Steindachnerina varii,55,3,"hydro_avg_03,hydro_avg_11,hydro_avg_14,hydro_avg_15,caudal_avg,lc_avg_05,lc_avg_07,slope_avg,soil_max_01,soil_max_02,soil_max_05,soil_max_08,soil_min_04,soil_min_06"
